"","pathway_name","pathway_annotation","pathway_category","pathway_class"
"1","KEGG:hsa04610","KEGG_COMPLEMENT AND COAGULATION CASCADES","Organismal Systems","Organismal_systems"
"2","KEGG:hsa00603","KEGG_GLYCOSPHINGOLIPID BIOSYNTHESIS - GLOBO SERIES","Metabolism","Metabolism"
"3","KEGG:hsa_M00068","KEGG_GLYCOSPHINGOLIPID BIOSYNTHESIS, GLOBO-SERIES, LACCER => GB4CER","Other Category","Other_Category"
"4","KEGG:hsa00601","KEGG_GLYCOSPHINGOLIPID BIOSYNTHESIS - LACTO AND NEOLACTO SERIES","Metabolism","Metabolism"
"5","KEGG:hsa_M00427","KEGG_NUCLEAR PORE COMPLEX","Other Category","Other_Category"
"6","KEGG:hsa03013","KEGG_RNA TRANSPORT","Other Category","Other_Category"
"7","KEGG:hsa00650","KEGG_BUTANOATE METABOLISM","Metabolism","Metabolism"
"8","KEGG:hsa00280","KEGG_VALINE, LEUCINE AND ISOLEUCINE DEGRADATION","Metabolism","Metabolism"
"9","KEGG:hsa01210","KEGG_2-OXOCARBOXYLIC ACID METABOLISM","Other Category","Other_Category"
"10","KEGG:hsa01230","KEGG_BIOSYNTHESIS OF AMINO ACIDS","Other Category","Other_Category"
"11","KEGG:hsa00300","KEGG_LYSINE BIOSYNTHESIS","Metabolism","Metabolism"
"12","KEGG:hsa00310","KEGG_LYSINE DEGRADATION","Metabolism","Metabolism"
"13","KEGG:hsa_M00032","KEGG_LYSINE DEGRADATION, LYSINE => SACCHAROPINE => ACETOACETYL-COA","Other Category","Other_Category"
"14","KEGG:hsa00380","KEGG_TRYPTOPHAN METABOLISM","Metabolism","Metabolism"
"15","KEGG:hsa_M00037","KEGG_MELATONIN BIOSYNTHESIS, TRYPTOPHAN => SEROTONIN => MELATONIN","Other Category","Other_Category"
"16","KEGG:hsa00970","KEGG_AMINOACYL-TRNA BIOSYNTHESIS","Genetic Information Processing, Translation","Organelle_biogenesis_and_maintenance"
"17","KEGG:hsa_M00359","KEGG_AMINOACYL-TRNA BIOSYNTHESIS, EUKARYOTES","Other Category","Other_Category"
"18","KEGG:hsa00770","KEGG_PANTOTHENATE AND COA BIOSYNTHESIS","Metabolism","Metabolism"
"19","KEGG:hsa00250","KEGG_ALANINE, ASPARTATE AND GLUTAMATE METABOLISM","Metabolism","Metabolism"
"20","KEGG:hsa00410","KEGG_BETA-ALANINE METABOLISM","Metabolism","Metabolism"
"21","KEGG:hsa04727","KEGG_GABAERGIC SYNAPSE","Other Category","Other_Category"
"22","KEGG:hsa_M00027","KEGG_GABA (GAMMA-AMINOBUTYRATE) SHUNT","Other Category","Other_Category"
"23","KEGG:hsa00640","KEGG_PROPANOATE METABOLISM","Metabolism","Metabolism"
"24","KEGG:hsa02010","KEGG_ABC TRANSPORTERS","Environmental Information Processing","Environmental_information_processing"
"25","KEGG:hsa04975","KEGG_FAT DIGESTION AND ABSORPTION","Other Category","Other_Category"
"26","KEGG:hsa04142","KEGG_LYSOSOME","Cellular Processes, Transport and catabolism","Cell_transport_and_catabolism"
"27","KEGG:hsa04976","KEGG_BILE SECRETION","Other Category","Other_Category"
"28","KEGG:hsa01522","KEGG_HSA01522","Other Category","Other_Category"
"29","KEGG:hsa01523","KEGG_HSA01523","Other Category","Other_Category"
"30","KEGG:hsa04071","KEGG_HSA04071","Other Category","Other_Category"
"31","KEGG:hsa04977","KEGG_VITAMIN DIGESTION AND ABSORPTION","Other Category","Other_Category"
"32","KEGG:hsa01524","KEGG_HSA01524","Other Category","Other_Category"
"33","KEGG:hsa04024","KEGG_HSA04024","Other Category","Other_Category"
"34","KEGG:hsa04911","KEGG_INSULIN SECRETION","Other Category","Other_Category"
"35","KEGG:hsa04930","KEGG_TYPE II DIABETES MELLITUS","Human Diseases","Human_disease"
"36","KEGG:hsa04146","KEGG_PEROXISOME","Cellular Processes, Transport and catabolism","Cell_transport_and_catabolism"
"37","KEGG:hsa00220","KEGG_HSA00220","Other Category","Other_Category"
"38","KEGG:hsa04923","KEGG_HSA04923","Other Category","Other_Category"
"39","KEGG:hsa04723","KEGG_RETROGRADE ENDOCANNABINOID SIGNALING","Other Category","Other_Category"
"40","KEGG:hsa04360","KEGG_AXON GUIDANCE","Organismal Systems","Organismal_systems"
"41","KEGG:hsa04110","KEGG_CELL CYCLE","Cellular Processes, Cell Growth and Death","Cell_growth_and_death"
"42","KEGG:hsa05220","KEGG_CHRONIC MYELOID LEUKEMIA","Human Diseases","Human_disease"
"43","KEGG:hsa04012","KEGG_ERBB SIGNALING PATHWAY","Environmental Information Processing","Environmental_information_processing"
"44","KEGG:hsa04722","KEGG_NEUROTROPHIN SIGNALING PATHWAY","Organismal Systems","Organismal_systems"
"45","KEGG:hsa05130","KEGG_PATHOGENIC ESCHERICHIA COLI INFECTION","Human Diseases","Human_disease"
"46","KEGG:hsa05131","KEGG_SHIGELLOSIS","Other Category","Other_Category"
"47","KEGG:hsa05416","KEGG_VIRAL MYOCARDITIS","Human Diseases","Human_disease"
"48","KEGG:hsa03440","KEGG_HOMOLOGOUS RECOMBINATION","Genetic Information Processing, Replication and repair","Replication_and_repair"
"49","KEGG:hsa00592","KEGG_ALPHA-LINOLENIC ACID METABOLISM","Metabolism","Metabolism"
"50","KEGG:hsa_M00087","KEGG_BETA-OXIDATION","Other Category","Other_Category"
"51","KEGG:hsa01040","KEGG_BIOSYNTHESIS OF UNSATURATED FATTY ACIDS","Metabolism","Metabolism"
"52","KEGG:hsa00071","KEGG_FATTY ACID DEGRADATION","Metabolism","Metabolism"
"53","KEGG:hsa01212","KEGG_FATTY ACID METABOLISM","Other Category","Other_Category"
"54","KEGG:hsa03320","KEGG_PPAR SIGNALING PATHWAY","Organismal Systems","Organismal_systems"
"55","KEGG:hsa_M00085","KEGG_FATTY ACID BIOSYNTHESIS, ELONGATION, MITOCHONDRIA","Other Category","Other_Category"
"56","KEGG:hsa00062","KEGG_FATTY ACID ELONGATION","Metabolism","Metabolism"
"57","KEGG:hsa04152","KEGG_AMPK SIGNALING PATHWAY","Other Category","Other_Category"
"58","KEGG:hsa00061","KEGG_FATTY ACID BIOSYNTHESIS","Metabolism","Metabolism"
"59","KEGG:hsa_M00082","KEGG_FATTY ACID BIOSYNTHESIS, INITIATION","Other Category","Other_Category"
"60","KEGG:hsa04922","KEGG_HSA04922","Other Category","Other_Category"
"61","KEGG:hsa04910","KEGG_INSULIN SIGNALING PATHWAY","Organismal Systems","Organismal_systems"
"62","KEGG:hsa00620","KEGG_PYRUVATE METABOLISM","Metabolism","Metabolism"
"63","KEGG:hsa04920","KEGG_ADIPOCYTOKINE SIGNALING PATHWAY","Organismal Systems","Organismal_systems"
"64","KEGG:hsa04931","KEGG_HSA04931","Other Category","Other_Category"
"65","KEGG:hsa01200","KEGG_CARBON METABOLISM","Other Category","Other_Category"
"66","KEGG:hsa_M00036","KEGG_LEUCINE DEGRADATION, LEUCINE => ACETOACETATE + ACETYL-COA","Other Category","Other_Category"
"67","KEGG:hsa_M00013","KEGG_MALONATE SEMIALDEHYDE PATHWAY, PROPANOYL-COA => ACETYL-COA","Other Category","Other_Category"
"68","KEGG:hsa_M00095","KEGG_C5 ISOPRENOID BIOSYNTHESIS, MEVALONATE PATHWAY","Other Category","Other_Category"
"69","KEGG:hsa00630","KEGG_GLYOXYLATE AND DICARBOXYLATE METABOLISM","Metabolism","Metabolism"
"70","KEGG:hsa00072","KEGG_SYNTHESIS AND DEGRADATION OF KETONE BODIES","Metabolism","Metabolism"
"71","KEGG:hsa00900","KEGG_TERPENOID BACKBONE BIOSYNTHESIS","Metabolism","Metabolism"
"72","KEGG:hsa_M00424","KEGG_SHELTERIN COMPLEX","Other Category","Other_Category"
"73","KEGG:hsa05142","KEGG_CHAGAS DISEASE (AMERICAN TRYPANOSOMIASIS)","Other Category","Other_Category"
"74","KEGG:hsa05410","KEGG_HYPERTROPHIC CARDIOMYOPATHY (HCM)","Human Diseases","Human_disease"
"75","KEGG:hsa04614","KEGG_RENIN-ANGIOTENSIN SYSTEM","Organismal Systems","Organismal_systems"
"76","KEGG:hsa04924","KEGG_HSA04924","Other Category","Other_Category"
"77","KEGG:hsa04974","KEGG_PROTEIN DIGESTION AND ABSORPTION","Other Category","Other_Category"
"78","KEGG:hsa00600","KEGG_SPHINGOLIPID METABOLISM","Metabolism","Metabolism"
"79","KEGG:hsa_M00099","KEGG_SPHINGOSINE BIOSYNTHESIS","Other Category","Other_Category"
"80","KEGG:hsa04725","KEGG_CHOLINERGIC SYNAPSE","Other Category","Other_Category"
"81","KEGG:hsa00564","KEGG_GLYCEROPHOSPHOLIPID METABOLISM","Metabolism","Metabolism"
"82","KEGG:hsa_M00430","KEGG_EXON JUNCTION COMPLEX (EJC)","Metabolism","Metabolism"
"83","KEGG:hsa03015","KEGG_MRNA SURVEILLANCE PATHWAY","Other Category","Other_Category"
"84","KEGG:hsa03040","KEGG_SPLICEOSOME","Genetic Information Processing, Transcription","Transcription"
"85","KEGG:hsa05144","KEGG_MALARIA","Other Category","Other_Category"
"86","KEGG:hsa00020","KEGG_CITRATE CYCLE (TCA CYCLE)","Metabolism","Metabolism"
"87","KEGG:hsa_M00010","KEGG_CITRATE CYCLE, FIRST CARBON OXIDATION, OXALOACETATE => 2-OXOGLUTARATE","Metabolism","Metabolism"
"88","KEGG:hsa_M00009","KEGG_CITRATE CYCLE (TCA CYCLE, KREBS CYCLE)","Other Category","Other_Category"
"89","KEGG:hsa04913","KEGG_OVARIAN STEROIDOGENESIS","Other Category","Other_Category"
"90","KEGG:hsa_M00104","KEGG_BILE ACID BIOSYNTHESIS, CHOLESTEROL => CHOLATE/CHENODEOXYCHOLATE","Other Category","Other_Category"
"91","KEGG:hsa00120","KEGG_PRIMARY BILE ACID BIOSYNTHESIS","Metabolism","Metabolism"
"92","KEGG:hsa04520","KEGG_ADHERENS JUNCTION","Cell Communication","Cell_Communication"
"93","KEGG:hsa00740","KEGG_RIBOFLAVIN METABOLISM","Metabolism","Metabolism"
"94","KEGG:hsa00730","KEGG_THIAMINE METABOLISM","Metabolism","Metabolism"
"95","KEGG:hsa04380","KEGG_OSTEOCLAST DIFFERENTIATION","Other Category","Other_Category"
"96","KEGG:hsa05323","KEGG_RHEUMATOID ARTHRITIS","Other Category","Other_Category"
"97","KEGG:hsa_M00086","KEGG_BETA-OXIDATION, ACYL-COA SYNTHESIS","Other Category","Other_Category"
"98","KEGG:hsa04216","KEGG_HSA04216","Other Category","Other_Category"
"99","KEGG:hsa00010","KEGG_GLYCOLYSIS / GLUCONEOGENESIS","Metabolism","Metabolism"
"100","KEGG:hsa04371","KEGG_HSA04371","Other Category","Other_Category"
"101","KEGG:hsa04270","KEGG_VASCULAR SMOOTH MUSCLE CONTRACTION","Organismal Systems","Organismal_systems"
"102","KEGG:hsa04210","KEGG_APOPTOSIS","Cellular Processes, Cell Growth and Death","Cell_growth_and_death"
"103","KEGG:hsa05412","KEGG_ARRHYTHMOGENIC RIGHT VENTRICULAR CARDIOMYOPATHY (ARVC)","Human Diseases","Human_disease"
"104","KEGG:hsa05100","KEGG_BACTERIAL INVASION OF EPITHELIAL CELLS","Other Category","Other_Category"
"105","KEGG:hsa05414","KEGG_DILATED CARDIOMYOPATHY","Human Diseases","Human_disease"
"106","KEGG:hsa05418","KEGG_HSA05418","Other Category","Other_Category"
"107","KEGG:hsa04510","KEGG_FOCAL ADHESION","Cell Communication","Cell_Communication"
"108","KEGG:hsa04971","KEGG_GASTRIC ACID SECRETION","Other Category","Other_Category"
"109","KEGG:hsa04390","KEGG_HIPPO SIGNALING PATHWAY","Other Category","Other_Category"
"110","KEGG:hsa05164","KEGG_INFLUENZA A","Other Category","Other_Category"
"111","KEGG:hsa04670","KEGG_LEUKOCYTE TRANSENDOTHELIAL MIGRATION","Organismal Systems","Organismal_systems"
"112","KEGG:hsa04921","KEGG_OXYTOCIN SIGNALING PATHWAY","Other Category","Other_Category"
"113","KEGG:hsa04145","KEGG_PHAGOSOME","Other Category","Other_Category"
"114","KEGG:hsa04611","KEGG_PLATELET ACTIVATION","Other Category","Other_Category"
"115","KEGG:hsa05132","KEGG_SALMONELLA INFECTION","Other Category","Other_Category"
"116","KEGG:hsa04919","KEGG_THYROID HORMONE SIGNALING PATHWAY","Other Category","Other_Category"
"117","KEGG:hsa04530","KEGG_TIGHT JUNCTION","Cell Communication","Cell_Communication"
"118","KEGG:hsa05110","KEGG_VIBRIO CHOLERAE INFECTION","Human Diseases","Human_disease"
"119","KEGG:hsa04261","KEGG_ADRENERGIC SIGNALING IN CARDIOMYOCYTES","Other Category","Other_Category"
"120","KEGG:hsa04260","KEGG_CARDIAC MUSCLE CONTRACTION","Organismal Systems","Organismal_systems"
"121","KEGG:hsa05146","KEGG_AMOEBIASIS","Other Category","Other_Category"
"122","KEGG:hsa05322","KEGG_SYSTEMIC LUPUS ERYTHEMATOSUS","Human Diseases","Human_disease"
"123","KEGG:hsa_M00679","KEGG_HSA_M00679","Other Category","Other_Category"
"124","KEGG:hsa04550","KEGG_HSA04550","Other Category","Other_Category"
"125","KEGG:hsa04350","KEGG_TGF-BETA SIGNALING PATHWAY","Environmental Information Processing","Environmental_information_processing"
"126","KEGG:hsa_M00681","KEGG_HSA_M00681","Other Category","Other_Category"
"127","KEGG:hsa05340","KEGG_PRIMARY IMMUNODEFICIENCY","Human Diseases","Human_disease"
"128","KEGG:hsa00230","KEGG_PURINE METABOLISM","Metabolism","Metabolism"
"129","KEGG:hsa05010","KEGG_ALZHEIMER'S DISEASE","Human Diseases","Human_disease"
"130","KEGG:hsa05120","KEGG_EPITHELIAL CELL SIGNALING IN HELICOBACTER PYLORI INFECTION","Human Diseases","Human_disease"
"131","KEGG:hsa_M00682","KEGG_HSA_M00682","Other Category","Other_Category"
"132","KEGG:hsa04330","KEGG_NOTCH SIGNALING PATHWAY","Environmental Information Processing","Environmental_information_processing"
"133","KEGG:hsa04623","KEGG_CYTOSOLIC DNA-SENSING PATHWAY","Organismal Systems","Organismal_systems"
"134","KEGG:hsa05162","KEGG_MEASLES","Other Category","Other_Category"
"135","KEGG:hsa04925","KEGG_HSA04925","Other Category","Other_Category"
"136","KEGG:hsa04020","KEGG_CALCIUM SIGNALING PATHWAY","Environmental Information Processing","Environmental_information_processing"
"137","KEGG:hsa_M00695","KEGG_HSA_M00695","Other Category","Other_Category"
"138","KEGG:hsa04022","KEGG_CGMP-PKG SIGNALING PATHWAY","Other Category","Other_Category"
"139","KEGG:hsa04062","KEGG_CHEMOKINE SIGNALING PATHWAY","Organismal Systems","Organismal_systems"
"140","KEGG:hsa04713","KEGG_CIRCADIAN ENTRAINMENT","Other Category","Other_Category"
"141","KEGG:hsa04915","KEGG_ESTROGEN SIGNALING PATHWAY","Other Category","Other_Category"
"142","KEGG:hsa04540","KEGG_GAP JUNCTION","Cell Communication","Cell_Communication"
"143","KEGG:hsa04724","KEGG_GLUTAMATERGIC SYNAPSE","Other Category","Other_Category"
"144","KEGG:hsa04912","KEGG_GNRH SIGNALING PATHWAY","Organismal Systems","Organismal_systems"
"145","KEGG:hsa04750","KEGG_INFLAMMATORY MEDIATOR REGULATION OF TRP CHANNELS","Other Category","Other_Category"
"146","KEGG:hsa04211","KEGG_HSA04211","Other Category","Other_Category"
"147","KEGG:hsa04213","KEGG_HSA04213","Other Category","Other_Category"
"148","KEGG:hsa04720","KEGG_LONG-TERM POTENTIATION","Organismal Systems","Organismal_systems"
"149","KEGG:hsa04916","KEGG_MELANOGENESIS","Organismal Systems","Organismal_systems"
"150","KEGG:hsa05032","KEGG_MORPHINE ADDICTION","Other Category","Other_Category"
"151","KEGG:hsa04114","KEGG_OOCYTE MEIOSIS","Cellular Processes, Cell Growth and Death","Cell_growth_and_death"
"152","KEGG:hsa04972","KEGG_PANCREATIC SECRETION","Other Category","Other_Category"
"153","KEGG:hsa04072","KEGG_HSA04072","Other Category","Other_Category"
"154","KEGG:hsa04914","KEGG_PROGESTERONE-MEDIATED OOCYTE MATURATION","Organismal Systems","Organismal_systems"
"155","KEGG:hsa04970","KEGG_SALIVARY SECRETION","Other Category","Other_Category"
"156","KEGG:hsa04918","KEGG_THYROID HORMONE SYNTHESIS","Other Category","Other_Category"
"157","KEGG:hsa04962","KEGG_VASOPRESSIN-REGULATED WATER REABSORPTION","Other Category","Other_Category"
"158","KEGG:hsa04742","KEGG_TASTE TRANSDUCTION","Organismal Systems","Organismal_systems"
"159","KEGG:hsa05034","KEGG_ALCOHOLISM","Other Category","Other_Category"
"160","KEGG:hsa05031","KEGG_AMPHETAMINE ADDICTION","Other Category","Other_Category"
"161","KEGG:hsa05030","KEGG_COCAINE ADDICTION","Other Category","Other_Category"
"162","KEGG:hsa04728","KEGG_DOPAMINERGIC SYNAPSE","Other Category","Other_Category"
"163","KEGG:hsa05012","KEGG_PARKINSON'S DISEASE","Human Diseases","Human_disease"
"164","KEGG:hsa04726","KEGG_SEROTONERGIC SYNAPSE","Other Category","Other_Category"
"165","KEGG:hsa04961","KEGG_ENDOCRINE AND OTHER FACTOR-REGULATED CALCIUM REABSORPTION","Other Category","Other_Category"
"166","KEGG:hsa04115","KEGG_P53 SIGNALING PATHWAY","Cellular Processes, Cell Growth and Death","Cell_growth_and_death"
"167","KEGG:hsa05204","KEGG_CHEMICAL CARCINOGENESIS","Other Category","Other_Category"
"168","KEGG:hsa00982","KEGG_DRUG METABOLISM - CYTOCHROME P450","Metabolism","Metabolism"
"169","KEGG:hsa00980","KEGG_METABOLISM OF XENOBIOTICS BY CYTOCHROME P450","Metabolism","Metabolism"
"170","KEGG:hsa00830","KEGG_RETINOL METABOLISM","Metabolism","Metabolism"
"171","KEGG:hsa00350","KEGG_TYROSINE METABOLISM","Metabolism","Metabolism"
"172","KEGG:hsa00270","KEGG_CYSTEINE AND METHIONINE METABOLISM","Metabolism","Metabolism"
"173","KEGG:hsa_M00034","KEGG_METHIONINE SALVAGE PATHWAY","Other Category","Other_Category"
"174","KEGG:hsa04932","KEGG_NON-ALCOHOLIC FATTY LIVER DISEASE (NAFLD)","Other Category","Other_Category"
"175","KEGG:hsa00430","KEGG_TAURINE AND HYPOTAURINE METABOLISM","Metabolism","Metabolism"
"176","KEGG:hsa_M00001","KEGG_GLYCOLYSIS (EMBDEN-MEYERHOF PATHWAY), GLUCOSE => PYRUVATE","Other Category","Other_Category"
"177","KEGG:hsa05169","KEGG_EPSTEIN-BARR VIRUS INFECTION","Other Category","Other_Category"
"178","KEGG:hsa03050","KEGG_PROTEASOME","Genetic Information Processing, Folding, sorting and degradation","Organelle_biogenesis_and_maintenance"
"179","KEGG:hsa_M00341","KEGG_PROTEASOME, 19S REGULATORY PARTICLE (PA700)","Other Category","Other_Category"
"180","KEGG:hsa_M00049","KEGG_ADENINE RIBONUCLEOTIDE BIOSYNTHESIS, IMP => ADP,ATP","Other Category","Other_Category"
"181","KEGG:hsa_M00048","KEGG_INOSINE MONOPHOSPHATE BIOSYNTHESIS, PRPP + GLUTAMINE => IMP","Other Category","Other_Category"
"182","KEGG:hsa05202","KEGG_TRANSCRIPTIONAL MISREGULATION IN CANCER","Other Category","Other_Category"
"183","KEGG:hsa00511","KEGG_OTHER GLYCAN DEGRADATION","Metabolism","Metabolism"
"184","KEGG:hsa04068","KEGG_FOXO SIGNALING PATHWAY","Other Category","Other_Category"
"185","KEGG:hsa04933","KEGG_HSA04933","Other Category","Other_Category"
"186","KEGG:hsa00561","KEGG_GLYCEROLIPID METABOLISM","Metabolism","Metabolism"
"187","KEGG:hsa00500","KEGG_STARCH AND SUCROSE METABOLISM","Metabolism","Metabolism"
"188","KEGG:hsa00330","KEGG_ARGININE AND PROLINE METABOLISM","Metabolism","Metabolism"
"189","KEGG:hsa_M00133","KEGG_POLYAMINE BIOSYNTHESIS, ARGININE => AGMATINE => PUTRESCINE => SPERMIDINE","Other Category","Other_Category"
"190","KEGG:hsa_M00089","KEGG_TRIACYLGLYCEROL BIOSYNTHESIS","Other Category","Other_Category"
"191","KEGG:hsa00565","KEGG_ETHER LIPID METABOLISM","Metabolism","Metabolism"
"192","KEGG:hsa04512","KEGG_ECM-RECEPTOR INTERACTION","Environmental Information Processing","Environmental_information_processing"
"193","KEGG:hsa00260","KEGG_GLYCINE, SERINE AND THREONINE METABOLISM","Metabolism","Metabolism"
"194","KEGG:hsa_M00035","KEGG_METHIONINE DEGRADATION","Other Category","Other_Category"
"195","KEGG:hsa04659","KEGG_HSA04659","Other Category","Other_Category"
"196","KEGG:hsa04672","KEGG_INTESTINAL IMMUNE NETWORK FOR IGA PRODUCTION","Organismal Systems","Organismal_systems"
"197","KEGG:hsa04621","KEGG_NOD-LIKE RECEPTOR SIGNALING PATHWAY","Organismal Systems","Organismal_systems"
"198","KEGG:hsa04120","KEGG_UBIQUITIN MEDIATED PROTEOLYSIS","Genetic Information Processing, Folding, sorting and degradation","Organelle_biogenesis_and_maintenance"
"199","KEGG:hsa04392","KEGG_HSA04392","Other Category","Other_Category"
"200","KEGG:hsa03008","KEGG_RIBOSOME BIOGENESIS IN EUKARYOTES","Other Category","Other_Category"
"201","KEGG:hsa00240","KEGG_PYRIMIDINE METABOLISM","Metabolism","Metabolism"
"202","KEGG:hsa_M00052","KEGG_PYRIMIDINE RIBONUCLEOTIDE BIOSYNTHESIS, UMP => UDP/UTP,CDP/CTP","Metabolism","Metabolism"
"203","KEGG:hsa_M00014","KEGG_GLUCURONATE PATHWAY (URONATE PATHWAY)","Other Category","Other_Category"
"204","KEGG:hsa00040","KEGG_PENTOSE AND GLUCURONATE INTERCONVERSIONS","Metabolism","Metabolism"
"205","KEGG:hsa00051","KEGG_FRUCTOSE AND MANNOSE METABOLISM","Metabolism","Metabolism"
"206","KEGG:hsa00052","KEGG_GALACTOSE METABOLISM","Metabolism","Metabolism"
"207","KEGG:hsa00140","KEGG_STEROID HORMONE BIOSYNTHESIS","Metabolism","Metabolism"
"208","KEGG:hsa00590","KEGG_ARACHIDONIC ACID METABOLISM","Metabolism","Metabolism"
"209","KEGG:hsa05221","KEGG_ACUTE MYELOID LEUKEMIA","Human Diseases","Human_disease"
"210","KEGG:hsa04140","KEGG_REGULATION OF AUTOPHAGY","Cellular Processes, Transport and catabolism","Cell_transport_and_catabolism"
"211","KEGG:hsa04662","KEGG_B CELL RECEPTOR SIGNALING PATHWAY","Organismal Systems","Organismal_systems"
"212","KEGG:hsa05224","KEGG_HSA05224","Other Category","Other_Category"
"213","KEGG:hsa04973","KEGG_CARBOHYDRATE DIGESTION AND ABSORPTION","Other Category","Other_Category"
"214","KEGG:hsa05230","KEGG_HSA05230","Other Category","Other_Category"
"215","KEGG:hsa05231","KEGG_HSA05231","Other Category","Other_Category"
"216","KEGG:hsa05210","KEGG_COLORECTAL CANCER","Human Diseases","Human_disease"
"217","KEGG:hsa01521","KEGG_HSA01521","Other Category","Other_Category"
"218","KEGG:hsa05213","KEGG_ENDOMETRIAL CANCER","Human Diseases","Human_disease"
"219","KEGG:hsa04664","KEGG_FC EPSILON RI SIGNALING PATHWAY","Organismal Systems","Organismal_systems"
"220","KEGG:hsa04666","KEGG_FC GAMMA R-MEDIATED PHAGOCYTOSIS","Organismal Systems","Organismal_systems"
"221","KEGG:hsa05214","KEGG_GLIOMA","Human Diseases","Human_disease"
"222","KEGG:hsa05161","KEGG_HEPATITIS B","Other Category","Other_Category"
"223","KEGG:hsa05160","KEGG_HEPATITIS C","Other Category","Other_Category"
"224","KEGG:hsa04066","KEGG_HIF-1 SIGNALING PATHWAY","Other Category","Other_Category"
"225","KEGG:hsa04630","KEGG_JAK-STAT SIGNALING PATHWAY","Environmental Information Processing","Environmental_information_processing"
"226","KEGG:hsa05218","KEGG_MELANOMA","Human Diseases","Human_disease"
"227","KEGG:hsa04150","KEGG_MTOR SIGNALING PATHWAY","Environmental Information Processing","Environmental_information_processing"
"228","KEGG:hsa05223","KEGG_NON-SMALL CELL LUNG CANCER","Human Diseases","Human_disease"
"229","KEGG:hsa05212","KEGG_PANCREATIC CANCER","Human Diseases","Human_disease"
"230","KEGG:hsa_M00676","KEGG_HSA_M00676","Other Category","Other_Category"
"231","KEGG:hsa04917","KEGG_PROLACTIN SIGNALING PATHWAY","Other Category","Other_Category"
"232","KEGG:hsa05215","KEGG_PROSTATE CANCER","Human Diseases","Human_disease"
"233","KEGG:hsa05211","KEGG_RENAL CELL CARCINOMA","Human Diseases","Human_disease"
"234","KEGG:hsa05222","KEGG_SMALL CELL LUNG CANCER","Human Diseases","Human_disease"
"235","KEGG:hsa04660","KEGG_T CELL RECEPTOR SIGNALING PATHWAY","Organismal Systems","Organismal_systems"
"236","KEGG:hsa04668","KEGG_TNF SIGNALING PATHWAY","Other Category","Other_Category"
"237","KEGG:hsa04620","KEGG_TOLL-LIKE RECEPTOR SIGNALING PATHWAY","Organismal Systems","Organismal_systems"
"238","KEGG:hsa05145","KEGG_TOXOPLASMOSIS","Other Category","Other_Category"
"239","KEGG:hsa05152","KEGG_TUBERCULOSIS","Other Category","Other_Category"
"240","KEGG:hsa04370","KEGG_VEGF SIGNALING PATHWAY","Environmental Information Processing","Environmental_information_processing"
"241","KEGG:hsa00860","KEGG_PORPHYRIN AND CHLOROPHYLL METABOLISM","Metabolism","Metabolism"
"242","KEGG:hsa04514","KEGG_CELL ADHESION MOLECULES (CAMS)","Environmental Information Processing","Environmental_information_processing"
"243","KEGG:hsa_M00015","KEGG_PROLINE BIOSYNTHESIS, GLUTAMATE => PROLINE","Other Category","Other_Category"
"244","KEGG:hsa00340","KEGG_HISTIDINE METABOLISM","Metabolism","Metabolism"
"245","KEGG:hsa00360","KEGG_PHENYLALANINE METABOLISM","Metabolism","Metabolism"
"246","KEGG:hsa00053","KEGG_ASCORBATE AND ALDARATE METABOLISM","Metabolism","Metabolism"
"247","KEGG:hsa_M00135","KEGG_GABA BIOSYNTHESIS, EUKARYOTES, PUTRESCINE => GABA","Other Category","Other_Category"
"248","KEGG:hsa00670","KEGG_ONE CARBON POOL BY FOLATE","Metabolism","Metabolism"
"249","KEGG:hsa00562","KEGG_INOSITOL PHOSPHATE METABOLISM","Metabolism","Metabolism"
"250","KEGG:hsa_M00003","KEGG_GLUCONEOGENESIS, OXALOACETATE => FRUCTOSE-6P","Other Category","Other_Category"
"251","KEGG:hsa00030","KEGG_PENTOSE PHOSPHATE PATHWAY","Metabolism","Metabolism"
"252","KEGG:hsa00510","KEGG_N-GLYCAN BIOSYNTHESIS","Metabolism","Metabolism"
"253","KEGG:hsa_M00055","KEGG_N-GLYCAN PRECURSOR BIOSYNTHESIS","Other Category","Other_Category"
"254","KEGG:hsa00591","KEGG_LINOLEIC ACID METABOLISM","Metabolism","Metabolism"
"255","KEGG:hsa00790","KEGG_FOLATE BIOSYNTHESIS","Metabolism","Metabolism"
"256","KEGG:hsa05014","KEGG_AMYOTROPHIC LATERAL SCLEROSIS (ALS)","Human Diseases","Human_disease"
"257","KEGG:hsa05168","KEGG_HERPES SIMPLEX INFECTION","Other Category","Other_Category"
"258","KEGG:hsa_M00406","KEGG_TREX COMPLEX","Other Category","Other_Category"
"259","KEGG:hsa04137","KEGG_HSA04137","Other Category","Other_Category"
"260","KEGG:hsa00520","KEGG_AMINO SUGAR AND NUCLEOTIDE SUGAR METABOLISM","Metabolism","Metabolism"
"261","KEGG:hsa04141","KEGG_PROTEIN PROCESSING IN ENDOPLASMIC RETICULUM","Other Category","Other_Category"
"262","KEGG:hsa_M00389","KEGG_APC/C COMPLEX","Other Category","Other_Category"
"263","KEGG:hsa04657","KEGG_HSA04657","Other Category","Other_Category"
"264","KEGG:hsa00480","KEGG_GLUTATHIONE METABOLISM","Metabolism","Metabolism"
"265","KEGG:hsa04640","KEGG_HEMATOPOIETIC CELL LINEAGE","Organismal Systems","Organismal_systems"
"266","KEGG:hsa00760","KEGG_NICOTINATE AND NICOTINAMIDE METABOLISM","Metabolism","Metabolism"
"267","KEGG:hsa00750","KEGG_VITAMIN B6 METABOLISM","Metabolism","Metabolism"
"268","KEGG:hsa05016","KEGG_HUNTINGTON'S DISEASE","Human Diseases","Human_disease"
"269","KEGG:hsa04721","KEGG_SYNAPTIC VESICLE CYCLE","Other Category","Other_Category"
"270","KEGG:hsa04215","KEGG_HSA04215","Other Category","Other_Category"
"271","KEGG:hsa_M00685","KEGG_HSA_M00685","Other Category","Other_Category"
"272","KEGG:hsa05134","KEGG_LEGIONELLOSIS","Other Category","Other_Category"
"273","KEGG:hsa05217","KEGG_BASAL CELL CARCINOMA","Human Diseases","Human_disease"
"274","KEGG:hsa04310","KEGG_WNT SIGNALING PATHWAY","Environmental Information Processing","Environmental_information_processing"
"275","KEGG:hsa03410","KEGG_BASE EXCISION REPAIR","Genetic Information Processing, Replication and repair","Replication_and_repair"
"276","KEGG:hsa_M00296","KEGG_BER COMPLEX","Other Category","Other_Category"
"277","KEGG:hsa05143","KEGG_AFRICAN TRYPANOSOMIASIS","Other Category","Other_Category"
"278","KEGG:hsa04964","KEGG_PROXIMAL TUBULE BICARBONATE RECLAMATION","Other Category","Other_Category"
"279","KEGG:hsa_M00355","KEGG_SPLICEOSOME, 35S U5-SNRNP","Other Category","Other_Category"
"280","KEGG:hsa05219","KEGG_BLADDER CANCER","Human Diseases","Human_disease"
"281","KEGG:hsa04730","KEGG_LONG-TERM DEPRESSION","Organismal Systems","Organismal_systems"
"282","KEGG:hsa_M00687","KEGG_HSA_M00687","Other Category","Other_Category"
"283","KEGG:hsa04650","KEGG_NATURAL KILLER CELL MEDIATED CYTOTOXICITY","Organismal Systems","Organismal_systems"
"284","KEGG:hsa_M00134","KEGG_POLYAMINE BIOSYNTHESIS, ARGININE => ORNITHINE => PUTRESCINE","Other Category","Other_Category"
"285","KEGG:hsa_M00029","KEGG_UREA CYCLE","Other Category","Other_Category"
"286","KEGG:hsa04710","KEGG_CIRCADIAN RHYTHM","Organismal Systems","Organismal_systems"
"287","KEGG:hsa04340","KEGG_HEDGEHOG SIGNALING PATHWAY","Environmental Information Processing","Environmental_information_processing"
"288","KEGG:hsa_M00077","KEGG_CHONDROITIN SULFATE DEGRADATION","Other Category","Other_Category"
"289","KEGG:hsa_M00076","KEGG_DERMATAN SULFATE DEGRADATION","Other Category","Other_Category"
"290","KEGG:hsa00531","KEGG_GLYCOSAMINOGLYCAN DEGRADATION","Metabolism","Metabolism"
"291","KEGG:hsa04136","KEGG_HSA04136","Other Category","Other_Category"
"292","KEGG:hsa04622","KEGG_RIG-I-LIKE RECEPTOR SIGNALING PATHWAY","Organismal Systems","Organismal_systems"
"293","KEGG:hsa_M00295","KEGG_BRCA1-ASSOCIATED GENOME SURVEILLANCE COMPLEX (BASC)","Other Category","Other_Category"
"294","KEGG:hsa_M00691","KEGG_HSA_M00691","Other Category","Other_Category"
"295","KEGG:hsa04064","KEGG_NF-KAPPA B SIGNALING PATHWAY","Other Category","Other_Category"
"296","KEGG:hsa04978","KEGG_MINERAL ABSORPTION","Other Category","Other_Category"
"297","KEGG:hsa00190","KEGG_OXIDATIVE PHOSPHORYLATION","Metabolism","Metabolism"
"298","KEGG:hsa04960","KEGG_ALDOSTERONE-REGULATED SODIUM REABSORPTION","Organismal Systems","Organismal_systems"
"299","KEGG:hsa04966","KEGG_COLLECTING DUCT ACID SECRETION","Other Category","Other_Category"
"300","KEGG:hsa_M00158","KEGG_F-TYPE ATPASE, EUKARYOTES","Other Category","Other_Category"
"301","KEGG:hsa_M00160","KEGG_V-TYPE ATPASE, EUKARYOTES","Other Category","Other_Category"
"302","KEGG:hsa03460","KEGG_FANCONI ANEMIA PATHWAY","Other Category","Other_Category"
"303","KEGG:hsa04612","KEGG_ANTIGEN PROCESSING AND PRESENTATION","Organismal Systems","Organismal_systems"
"304","KEGG:hsa00515","KEGG_HSA00515","Other Category","Other_Category"
"305","KEGG:hsa_M00070","KEGG_GLYCOSPHINGOLIPID BIOSYNTHESIS, LACTO-SERIES, LACCER => LC4CER","Other Category","Other_Category"
"306","KEGG:hsa00604","KEGG_GLYCOSPHINGOLIPID BIOSYNTHESIS - GANGLIO SERIES","Metabolism","Metabolism"
"307","KEGG:hsa00532","KEGG_GLYCOSAMINOGLYCAN BIOSYNTHESIS - CHONDROITIN SULFATE / DERMATAN SULFATE","Metabolism","Metabolism"
"308","KEGG:hsa00534","KEGG_GLYCOSAMINOGLYCAN BIOSYNTHESIS - HEPARAN SULFATE / HEPARIN","Metabolism","Metabolism"
"309","KEGG:hsa_M00057","KEGG_GLYCOSAMINOGLYCAN BIOSYNTHESIS, LINKAGE TETRASACCHARIDE","Other Category","Other_Category"
"310","KEGG:hsa00514","KEGG_OTHER TYPES OF O-GLYCAN BIOSYNTHESIS","Metabolism","Metabolism"
"311","KEGG:hsa00533","KEGG_GLYCOSAMINOGLYCAN BIOSYNTHESIS - KERATAN SULFATE","Metabolism","Metabolism"
"312","KEGG:hsa_M00071","KEGG_GLYCOSPHINGOLIPID BIOSYNTHESIS, NEOLACTO-SERIES, LACCER => NLC4CER","Metabolism","Metabolism"
"313","KEGG:hsa00512","KEGG_MUCIN TYPE O-GLYCAN BIOSYNTHESIS","Metabolism","Metabolism"
"314","KEGG:hsa_M00056","KEGG_O-GLYCAN BIOSYNTHESIS, MUCIN TYPE CORE","Other Category","Other_Category"
"315","KEGG:hsa_M00075","KEGG_N-GLYCAN BIOSYNTHESIS, COMPLEX TYPE","Other Category","Other_Category"
"316","KEGG:hsa_M00066","KEGG_LACTOSYLCERAMIDE BIOSYNTHESIS","Other Category","Other_Category"
"317","KEGG:hsa_M00106","KEGG_CONJUGATED BILE ACID BIOSYNTHESIS, CHOLATE => TAUROCHOLATE/GLYCOCHOLATE","Other Category","Other_Category"
"318","KEGG:hsa05020","KEGG_PRION DISEASES","Human Diseases","Human_disease"
"319","KEGG:hsa_M00353","KEGG_SPLICEOSOME, PRP19/CDC5L COMPLEX","Other Category","Other_Category"
"320","KEGG:hsa00290","KEGG_VALINE, LEUCINE AND ISOLEUCINE BIOSYNTHESIS","Metabolism","Metabolism"
"321","KEGG:hsa04130","KEGG_SNARE INTERACTIONS IN VESICULAR TRANSPORT","Genetic Information Processing, Folding, sorting and degradation","Organelle_biogenesis_and_maintenance"
"322","KEGG:hsa04950","KEGG_MATURITY ONSET DIABETES OF THE YOUNG","Human Diseases","Human_disease"
"323","KEGG:hsa03420","KEGG_NUCLEOTIDE EXCISION REPAIR","Genetic Information Processing, Replication and repair","Replication_and_repair"
"324","KEGG:hsa_M00414","KEGG_BLOOM'S SYNDROME COMPLEX","Other Category","Other_Category"
"325","KEGG:hsa00920","KEGG_SULFUR METABOLISM","Metabolism","Metabolism"
"326","KEGG:hsa04320","KEGG_DORSO-VENTRAL AXIS FORMATION","Organismal Systems","Organismal_systems"
"327","KEGG:hsa05216","KEGG_THYROID CANCER","Human Diseases","Human_disease"
"328","KEGG:hsa00780","KEGG_BIOTIN METABOLISM","Metabolism","Metabolism"
"329","KEGG:hsa03018","KEGG_RNA DEGRADATION","Genetic Information Processing, Folding, sorting and degradation","Organelle_biogenesis_and_maintenance"
"330","KEGG:hsa_M00380","KEGG_SCF-BTRC COMPLEX","Metabolism","Metabolism"
"331","KEGG:hsa05133","KEGG_PERTUSSIS","Other Category","Other_Category"
"332","KEGG:hsa05150","KEGG_STAPHYLOCOCCUS AUREUS INFECTION","Other Category","Other_Category"
"333","KEGG:hsa05140","KEGG_LEISHMANIASIS","Other Category","Other_Category"
"334","KEGG:hsa00910","KEGG_NITROGEN METABOLISM","Metabolism","Metabolism"
"335","KEGG:hsa05033","KEGG_NICOTINE ADDICTION","Other Category","Other_Category"
"336","KEGG:hsa_M00051","KEGG_URIDINE MONOPHOSPHATE BIOSYNTHESIS, GLUTAMINE (+ PRPP) => UMP","Metabolism","Metabolism"
"337","KEGG:hsa04070","KEGG_PHOSPHATIDYLINOSITOL SIGNALING SYSTEM","Environmental Information Processing","Environmental_information_processing"
"338","KEGG:hsa04744","KEGG_PHOTOTRANSDUCTION","Other Category","Other_Category"
"339","KEGG:hsa_M00338","KEGG_CYSTEINE BIOSYNTHESIS, HOMOCYSTEINE + SERINE => CYSTEINE","Other Category","Other_Category"
"340","KEGG:hsa05310","KEGG_ASTHMA","Human Diseases","Human_disease"
"341","KEGG:hsa_M00693","KEGG_HSA_M00693","Other Category","Other_Category"
"342","KEGG:hsa_M00692","KEGG_HSA_M00692","Other Category","Other_Category"
"343","KEGG:hsa03022","KEGG_BASAL TRANSCRIPTION FACTORS","Genetic Information Processing, Transcription","Transcription"
"344","KEGG:hsa_M00290","KEGG_HOLO-TFIIH COMPLEX","Metabolism","Metabolism"
"345","KEGG:hsa04658","KEGG_HSA04658","Other Category","Other_Category"
"346","KEGG:hsa05330","KEGG_ALLOGRAFT REJECTION","Human Diseases","Human_disease"
"347","KEGG:hsa05320","KEGG_AUTOIMMUNE THYROID DISEASE","Human Diseases","Human_disease"
"348","KEGG:hsa05332","KEGG_GRAFT-VERSUS-HOST DISEASE","Human Diseases","Human_disease"
"349","KEGG:hsa04940","KEGG_TYPE I DIABETES MELLITUS","Human Diseases","Human_disease"
"350","KEGG:hsa_M00354","KEGG_SPLICEOSOME, U4/U6.U5 TRI-SNRNP","Other Category","Other_Category"
"351","KEGG:hsa00983","KEGG_DRUG METABOLISM - OTHER ENZYMES","Metabolism","Metabolism"
"352","KEGG:hsa_M00098","KEGG_ACYLGLYCEROL DEGRADATION","Other Category","Other_Category"
"353","KEGG:hsa00100","KEGG_STEROID BIOSYNTHESIS","Metabolism","Metabolism"
"354","KEGG:hsa_M00090","KEGG_PHOSPHATIDYLCHOLINE (PC) BIOSYNTHESIS, CHOLINE => PC","Other Category","Other_Category"
"355","KEGG:hsa_M00092","KEGG_PHOSPHATIDYLETHANOLAMINE (PE) BIOSYNTHESIS, ETHANOLAMINE => PE","Other Category","Other_Category"
"356","KEGG:hsa00440","KEGG_HSA00440","Metabolism","Metabolism"
"357","KEGG:hsa_M00094","KEGG_CERAMIDE BIOSYNTHESIS","Other Category","Other_Category"
"358","KEGG:hsa_M00412","KEGG_ESCRT-III COMPLEX","Other Category","Other_Category"
"359","KEGG:hsa_M00058","KEGG_GLYCOSAMINOGLYCAN BIOSYNTHESIS, CHONDROITIN SULFATE BACKBONE","Other Category","Other_Category"
"360","KEGG:hsa_M00686","KEGG_HSA_M00686","Other Category","Other_Category"
"361","KEGG:hsa_M00388","KEGG_ECS COMPLEX","Other Category","Other_Category"
"362","KEGG:hsa_M00684","KEGG_HSA_M00684","Other Category","Other_Category"
"363","KEGG:hsa_M00047","KEGG_CREATINE PATHWAY","Other Category","Other_Category"
"364","KEGG:hsa_M00694","KEGG_HSA_M00694","Other Category","Other_Category"
"365","KEGG:hsa_M00120","KEGG_COENZYME A BIOSYNTHESIS, PANTOTHENATE => COA","Metabolism","Metabolism"
"366","KEGG:hsa00130","KEGG_UBIQUINONE AND OTHER TERPENOID-QUINONE BIOSYNTHESIS","Metabolism","Metabolism"
"367","KEGG:hsa_M00128","KEGG_UBIQUINONE BIOSYNTHESIS, EUKARYOTES, 4-HYDROXYBENZOATE => UBIQUINONE","Other Category","Other_Category"
"368","KEGG:hsa_M00154","KEGG_CYTOCHROME C OXIDASE","Other Category","Other_Category"
"369","KEGG:hsa00450","KEGG_SELENOCOMPOUND METABOLISM","Metabolism","Metabolism"
"370","KEGG:hsa_M00677","KEGG_HSA_M00677","Other Category","Other_Category"
"371","KEGG:hsa04122","KEGG_SULFUR RELAY SYSTEM","Other Category","Other_Category"
"372","KEGG:hsa_M00382","KEGG_SCF-FBS COMPLEX","Other Category","Other_Category"
"373","KEGG:hsa_M00387","KEGG_SCF-FBW7 COMPLEX","Other Category","Other_Category"
"374","KEGG:hsa_M00381","KEGG_SCF-SKP2 COMPLEX","Other Category","Other_Category"
"375","KEGG:hsa_M00383","KEGG_ECV COMPLEX","Other Category","Other_Category"
"376","KEGG:hsa_M00384","KEGG_CUL3-SPOP COMPLEX","Other Category","Other_Category"
"377","KEGG:hsa_M00386","KEGG_CUL4-DDB1-CSA COMPLEX","Other Category","Other_Category"
"378","KEGG:hsa_M00385","KEGG_CUL4-DDB1-DDB2 COMPLEX","Other Category","Other_Category"
"379","KEGG:hsa_M00152","KEGG_CYTOCHROME BC1 COMPLEX","Other Category","Other_Category"
"380","KEGG:hsa_M00151","KEGG_CYTOCHROME BC1 COMPLEX RESPIRATORY UNIT","Other Category","Other_Category"
"381","KEGG:hsa_M00107","KEGG_STEROID HORMONE BIOSYNTHESIS, CHOLESTEROL => PROGNENOLONE => PROGESTERONE","Other Category","Other_Category"
"382","KEGG:hsa_M00108","KEGG_C21-STEROID HORMONE BIOSYNTHESIS, PROGESTERONE => CORTICOSTERONE/ALDOSTERONE","Other Category","Other_Category"
"383","KEGG:hsa_M00109","KEGG_C21-STEROID HORMONE BIOSYNTHESIS, PROGESTERONE => CORTISOL/CORTISONE","Other Category","Other_Category"
"384","KEGG:hsa_M00110","KEGG_C19/C18-STEROID HORMONE BIOSYNTHESIS, PREGNENOLONE => ANDROSTENEDIONE => ESTRONE","Other Category","Other_Category"
"385","KEGG:hsa00232","KEGG_CAFFEINE METABOLISM","Metabolism","Metabolism"
"386","KEGG:hsa_M00103","KEGG_CHOLECALCIFEROL BIOSYNTHESIS","Other Category","Other_Category"
"387","KEGG:hsa_M00101","KEGG_CHOLESTEROL BIOSYNTHESIS, SQUALENE 2,3-EPOXIDE => CHOLESTEROL","Other Category","Other_Category"
"388","KEGG:hsa_M00072","KEGG_N-GLYCOSYLATION BY OLIGOSACCHARYLTRANSFERASE","Metabolism","Metabolism"
"389","KEGG:hsa00472","KEGG_D-ARGININE AND D-ORNITHINE METABOLISM","Metabolism","Metabolism"
"390","KEGG:hsa_M00042","KEGG_CATECHOLAMINE BIOSYNTHESIS, TYROSINE => DOPAMINE => NORADRENALINE => ADRENALINE","Other Category","Other_Category"
"391","KEGG:hsa03450","KEGG_NON-HOMOLOGOUS END-JOINING","Genetic Information Processing, Replication and repair","Replication_and_repair"
"392","KEGG:hsa_M00395","KEGG_DECAPPING COMPLEX","Other Category","Other_Category"
"393","KEGG:hsa_M00426","KEGG_SURVIVAL MOTOR NEURON (SMN) COMPLEX","Other Category","Other_Category"
"394","KEGG:hsa_M00352","KEGG_SPLICEOSOME, U2-SNRNP","Other Category","Other_Category"
"395","KEGG:hsa_M00403","KEGG_HRD1/SEL1 ERAD COMPLEX","Other Category","Other_Category"
"396","KEGG:hsa_M00678","KEGG_HSA_M00678","Other Category","Other_Category"
"397","KEGG:hsa_M00391","KEGG_EXOSOME, EUKARYOTES","Other Category","Other_Category"
"398","KEGG:hsa_M00425","KEGG_H/ACA RIBONUCLEOPROTEIN COMPLEX","Other Category","Other_Category"
"399","KEGG:hsa_M00307","KEGG_PYRUVATE OXIDATION, PYRUVATE => ACETYL-COA","Other Category","Other_Category"
"400","KEGG:hsa_M00011","KEGG_CITRATE CYCLE, SECOND CARBON OXIDATION, 2-OXOGLUTARATE => OXALOACETATE","Other Category","Other_Category"
"401","KEGG:hsa03030","KEGG_DNA REPLICATION","Genetic Information Processing, Replication and repair","Replication_and_repair"
"402","KEGG:hsa00563","KEGG_GLYCOSYLPHOSPHATIDYLINOSITOL(GPI)-ANCHOR BIOSYNTHESIS","Metabolism","Metabolism"
"403","KEGG:hsa_M00046","KEGG_PYRIMIDINE DEGRADATION, URACIL => BETA-ALANINE, THYMINE => 3-AMINOISOBUTANOATE","Other Category","Other_Category"
"404","KEGG:hsa_M00428","KEGG_EIF4F COMPLEX","Other Category","Other_Category"
"405","KEGG:hsa_M00415","KEGG_FATTY ACID BIOSYNTHESIS, ELONGATION, ENDOPLASMIC RETICULUM","Other Category","Other_Category"
"406","KEGG:hsa_M00002","KEGG_GLYCOLYSIS, CORE MODULE INVOLVING THREE-CARBON COMPOUNDS","Other Category","Other_Category"
"407","KEGG:hsa03430","KEGG_MISMATCH REPAIR","Genetic Information Processing, Replication and repair","Replication_and_repair"
"408","KEGG:hsa_M00390","KEGG_EXOSOME, ARCHAEA","Other Category","Other_Category"
"409","KEGG:hsa_M00059","KEGG_GLYCOSAMINOGLYCAN BIOSYNTHESIS, HEPARAN SULFATE BACKBONE","Other Category","Other_Category"
"410","KEGG:hsa_M00413","KEGG_FA CORE COMPLEX","Other Category","Other_Category"
"411","KEGG:hsa_M00044","KEGG_TYROSINE DEGRADATION, TYROSINE => HOMOGENTISATE","Other Category","Other_Category"
"412","KEGG:hsa_M00083","KEGG_FATTY ACID BIOSYNTHESIS, ELONGATION","Other Category","Other_Category"
"413","KEGG:hsa03010","KEGG_RIBOSOME","Genetic Information Processing, Translation","Organelle_biogenesis_and_maintenance"
"414","KEGG:hsa_M00177","KEGG_RIBOSOME, EUKARYOTES","Other Category","Other_Category"
"415","KEGG:hsa05321","KEGG_INFLAMMATORY BOWEL DISEASE (IBD)","Other Category","Other_Category"
"416","KEGG:hsa_M00683","KEGG_HSA_M00683","Other Category","Other_Category"
"417","KEGG:hsa_M00006","KEGG_PENTOSE PHOSPHATE PATHWAY, OXIDATIVE PHASE, GLUCOSE 6P => RIBULOSE 5P","Other Category","Other_Category"
"418","KEGG:hsa_M00004","KEGG_PENTOSE PHOSPHATE PATHWAY (PENTOSE PHOSPHATE CYCLE)","Other Category","Other_Category"
"419","KEGG:hsa_M00067","KEGG_CEREBROSIDE AND SULFATIDE BIOSYNTHESIS","Other Category","Other_Category"
"420","KEGG:hsa_M00632","KEGG_GALACTOSE DEGRADATION, LELOIR PATHWAY, GALACTOSE => ALPHA-D-GLUCOSE-1P","Metabolism","Metabolism"
"421","KEGG:hsa_M00361","KEGG_NUCLEOTIDE SUGAR BIOSYNTHESIS, EUKARYOTES","Metabolism","Metabolism"
"422","KEGG:hsa_M00554","KEGG_NUCLEOTIDE SUGAR BIOSYNTHESIS, GALACTOSE => UDP-GALACTOSE","Other Category","Other_Category"
"423","KEGG:hsa_M00079","KEGG_KERATAN SULFATE DEGRADATION","Other Category","Other_Category"
"424","KEGG:hsa_M00073","KEGG_N-GLYCAN PRECURSOR TRIMMING","Other Category","Other_Category"
"425","KEGG:hsa00524","KEGG_BUTIROSIN AND NEOMYCIN BIOSYNTHESIS","Other Category","Other_Category"
"426","KEGG:hsa_M00549","KEGG_NUCLEOTIDE SUGAR BIOSYNTHESIS, GLUCOSE => UDP-GLUCOSE","Other Category","Other_Category"
"427","KEGG:hsa_M00118","KEGG_GLUTATHIONE BIOSYNTHESIS, GLUTAMATE => GLUTATHIONE","Other Category","Other_Category"
"428","KEGG:hsa_M00286","KEGG_GINS COMPLEX","Other Category","Other_Category"
"429","KEGG:hsa00471","KEGG_D-GLUTAMINE AND D-GLUTAMATE METABOLISM","Metabolism","Metabolism"
"430","KEGG:hsa_M00050","KEGG_GUANINE RIBONUCLEOTIDE BIOSYNTHESIS IMP => GDP,GTP","Other Category","Other_Category"
"431","KEGG:hsa_M00078","KEGG_HEPARAN SULFATE DEGRADATION","Other Category","Other_Category"
"432","KEGG:hsa00400","KEGG_PHENYLALANINE, TYROSINE AND TRYPTOPHAN BIOSYNTHESIS","Metabolism","Metabolism"
"433","KEGG:hsa_M00408","KEGG_ESCRT-0 COMPLEX","Other Category","Other_Category"
"434","KEGG:hsa03060","KEGG_PROTEIN EXPORT","Environmental Information Processing","Environmental_information_processing"
"435","KEGG:hsa_M00131","KEGG_INOSITOL PHOSPHATE METABOLISM, INS(1,3,4,5)P4 => INS(1,3,4)P3 => MYO-INOSITOL","Other Category","Other_Category"
"436","KEGG:hsa_M00132","KEGG_HSA_M00132","Other Category","Other_Category"
"437","KEGG:hsa_M00130","KEGG_INOSITOL PHOSPHATE METABOLISM, PI=> PIP2 => INS(1,4,5)P3 => INS(1,3,4,5)P4","Metabolism","Metabolism"
"438","KEGG:hsa00785","KEGG_LIPOIC ACID METABOLISM","Metabolism","Metabolism"
"439","KEGG:hsa_M00397","KEGG_LSM 1-7 COMPLEX","Other Category","Other_Category"
"440","KEGG:hsa_M00396","KEGG_LSM 2-8 COMPLEX","Other Category","Other_Category"
"441","KEGG:hsa_M00293","KEGG_DNA POLYMERASE ZETA  COMPLEX","Other Category","Other_Category"
"442","KEGG:hsa_M00689","KEGG_HSA_M00689","Other Category","Other_Category"
"443","KEGG:hsa_M00688","KEGG_HSA_M00688","Other Category","Other_Category"
"444","KEGG:hsa_M00690","KEGG_HSA_M00690","Other Category","Other_Category"
"445","KEGG:hsa_M00741","KEGG_HSA_M00741","Other Category","Other_Category"
"446","KEGG:hsa_M00285","KEGG_MCM COMPLEX","Other Category","Other_Category"
"447","KEGG:hsa_M00291","KEGG_MRN COMPLEX","Other Category","Other_Category"
"448","KEGG:hsa_M00141","KEGG_C1-UNIT INTERCONVERSION, EUKARYOTES","Other Category","Other_Category"
"449","KEGG:hsa_M00393","KEGG_TRAMP COMPLEX","Other Category","Other_Category"
"450","KEGG:hsa_M00409","KEGG_ESCRT-I COMPLEX","Other Category","Other_Category"
"451","KEGG:hsa_M00399","KEGG_CAP BINDING COMPLEX","Other Category","Other_Category"
"452","KEGG:hsa_M00142","KEGG_HSA_M00142","Other Category","Other_Category"
"453","KEGG:hsa_M00146","KEGG_NADH DEHYDROGENASE (UBIQUINONE) 1 ALPHA SUBCOMPLEX","Other Category","Other_Category"
"454","KEGG:hsa_M00147","KEGG_NADH DEHYDROGENASE (UBIQUINONE) 1 BETA SUBCOMPLEX","Other Category","Other_Category"
"455","KEGG:hsa_M00143","KEGG_NADH DEHYDROGENASE (UBIQUINONE) FE-S PROTEIN/FLAVOPROTEIN COMPLEX, MITOCHONDRIA","Other Category","Other_Category"
"456","KEGG:hsa_M00400","KEGG_P97-UFD1-NPL4 COMPLEX","Metabolism","Metabolism"
"457","KEGG:hsa_M00284","KEGG_ORIGIN RECOGNITION COMPLEX","Other Category","Other_Category"
"458","KEGG:hsa_M00091","KEGG_PHOSPHATIDYLCHOLINE (PC) BIOSYNTHESIS, PE => PC","Other Category","Other_Category"
"459","KEGG:hsa_M00020","KEGG_SERINE BIOSYNTHESIS, GLYCERATE-3P => SERINE","Metabolism","Metabolism"
"460","KEGG:hsa_M00065","KEGG_GPI-ANCHOR BIOSYNTHESIS, CORE OLIGOSACCHARIDE","Other Category","Other_Category"
"461","KEGG:hsa_M00261","KEGG_DNA POLYMERASE ALPHA / PRIMASE COMPLEX","Other Category","Other_Category"
"462","KEGG:hsa_M00262","KEGG_DNA POLYMERASE DELTA COMPLEX","Other Category","Other_Category"
"463","KEGG:hsa_M00263","KEGG_DNA POLYMERASE EPSILON COMPLEX","Other Category","Other_Category"
"464","KEGG:hsa_M00294","KEGG_DNA POLYMERASE GAMMA COMPLEX","Other Category","Other_Category"
"465","KEGG:hsa03020","KEGG_RNA POLYMERASE","Genetic Information Processing, Transcription","Transcription"
"466","KEGG:hsa_M00182","KEGG_RNA POLYMERASE I, EUKARYOTES","Other Category","Other_Category"
"467","KEGG:hsa_M00181","KEGG_RNA POLYMERASE III, EUKARYOTES","Other Category","Other_Category"
"468","KEGG:hsa_M00180","KEGG_RNA POLYMERASE II, EUKARYOTES","Other Category","Other_Category"
"469","KEGG:hsa_M00297","KEGG_DNA-PK COMPLEX","Other Category","Other_Category"
"470","KEGG:hsa_M00005","KEGG_PRPP BIOSYNTHESIS, RIBOSE 5P => PRPP","Other Category","Other_Category"
"471","KEGG:hsa_M00337","KEGG_IMMUNOPROTEASOME","Other Category","Other_Category"
"472","KEGG:hsa_M00340","KEGG_PROTEASOME, 20S CORE PARTICLE","Metabolism","Metabolism"
"473","KEGG:hsa_M00289","KEGG_RF-C COMPLEX","Other Category","Other_Category"
"474","KEGG:hsa_M00288","KEGG_RPA COMPLEX","Other Category","Other_Category"
"475","KEGG:hsa_M00007","KEGG_PENTOSE PHOSPHATE PATHWAY, NON-OXIDATIVE PHASE, FRUCTOSE 6P => RIBOSE 5P","Other Category","Other_Category"
"476","KEGG:hsa_M00404","KEGG_COPII COMPLEX","Other Category","Other_Category"
"477","KEGG:hsa_M00148","KEGG_SUCCINATE DEHYDROGENASE (UBIQUINONE)","Other Category","Other_Category"
"478","KEGG:hsa_M00401","KEGG_SEC61 COMPLEX","Metabolism","Metabolism"
"479","KEGG:hsa_M00100","KEGG_SPHINGOSINE DEGRADATION","Metabolism","Metabolism"
"480","KEGG:hsa_M00392","KEGG_SKI COMPLEX","Other Category","Other_Category"
"481","KEGG:hsa_M00680","KEGG_HSA_M00680","Metabolism","Metabolism"
"482","KEGG:hsa_M00410","KEGG_ESCRT-II COMPLEX","Metabolism","Metabolism"
"483","KEGG:hsa_M00351","KEGG_SPLICEOSOME, U1-SNRNP","Metabolism","Metabolism"
"484","KEGG:hsa_M00398","KEGG_SM CORE COMPLEX","Other Category","Other_Category"
"485","KEGG:hsa_M00402","KEGG_TRANSLOCON-ASSOCIATED PROTEIN (TRAP) COMPLEX","Metabolism","Metabolism"
"486","KEGG:hsa_M00069","KEGG_GLYCOSPHINGOLIPID BIOSYNTHESIS, GANGLIO SERIES, LACCER => GT3","Other Category","Other_Category"
"487","KEGG:hsa_M00405","KEGG_THC COMPLEX","Other Category","Other_Category"
"488","KEGG:hsa_M00043","KEGG_THYROID HORMONE BIOSYNTHESIS, TYROSINE => TRIIODOTHYRONINE/THYROXINE","Other Category","Other_Category"
